title,description,content,category,text
All the Ways Europe Is Ditching American Technology,"A WIRED timeline shows how dozens of governments, companies, and other organizations across Europe are moving, or planning to shift, away from US Big Tech.","Europe is done with American Big Tech. Well, sort of. Since the start of President Donald Trumps chaotic second administration last year, concerned governments and companies across the continent have… [+2955 chars]",technology,all the ways europe is ditching american technology a wired timeline shows how dozens of governments companies and other organizations across europe are moving or planning to shift away from us big tech europe is done with american big tech well sort of since the start of president donald trumps chaotic second administration last year concerned governments and companies across the continent have chars
IBM Crosses One of Computing’s Biggest Barriers With World’s First Sub-1 Nanometer Chip,The new chip technology packs nearly 100 billion transistors into a fingernail-sized chip.,"In a major breakthrough, IBM revealed the world’s first semiconductor chip technology built on a sub-1 nanometer chipmaking process. For comparison, the process uses transistor features smaller than … [+3403 chars]",technology,ibm crosses one of computings biggest barriers with worlds first sub nanometer chip the new chip technology packs nearly billion transistors into a fingernailsized chip in a major breakthrough ibm revealed the worlds first semiconductor chip technology built on a sub nanometer chipmaking process for comparison the process uses transistor features smaller than chars
Meta Is Testing Police Surveillance Tech for Its Smart Glasses,A report suggests ties between Meta's facial recognition technology and a company that sells surveillance tools to military and police.,"Meta is finding inspiration for its smart glasses in some pretty concerning corners. According to Wired, the company is testing software built by a firm that sells surveillance tech to the U.S. gover… [+2194 chars]",technology,meta is testing police surveillance tech for its smart glasses a report suggests ties between metas facial recognition technology and a company that sells surveillance tools to military and police meta is finding inspiration for its smart glasses in some pretty concerning corners according to wired the company is testing software built by a firm that sells surveillance tech to the us gover chars
Trump Admin Declares Total Victory Over Algae Thanks to ‘Advanced Nanobubbler Technology’,"""The Reflecting Pool water is crystal clear,"" the Department of the Interior insists.","The U.S. may have lost its war against Iran, but there is another war that President Donald Trump still might be able to win. And that’s his war on algae in Washington, D.C.’s Lincoln Memorial Reflec… [+4541 chars]",technology,trump admin declares total victory over algae thanks to advanced nanobubbler technology the reflecting pool water is crystal clear the department of the interior insists the us may have lost its war against iran but there is another war that president donald trump still might be able to win and thats his war on algae in washington dcs lincoln memorial reflec chars
Elon Musk is steamrolling Wall Street to become a trillionaire,"Today on Decoder, I’m talking to Ryan Mac, a technology reporter at The New York Times and coauthor of the excellent book Character Limit: How Elon Musk Destroyed Twitter, which came out in 2024. I can’t recommend it enough.  I wanted to have Ryan on the show…","<ul><li></li><li></li><li></li></ul>
The New York Times Ryan Mac on how the SpaceX IPO is shaping up to be the greatest Musk gambit yet.
by
Nilay PatelClose
Posts from this author will be added t… [+42386 chars]",technology,elon musk is steamrolling wall street to become a trillionaire today on decoder im talking to ryan mac a technology reporter at the new york times and coauthor of the excellent book character limit how elon musk destroyed twitter which came out in i cant recommend it enough i wanted to have ryan on the show ullilililililiul the new york times ryan mac on how the spacex ipo is shaping up to be the greatest musk gambit yet by nilay patelclose posts from this author will be added t chars
Schlage’s UWB-enabled smart lock launches this month,"It's been more than a year since Schlage announced its first smart lock to support ultra wideband technology (UWB), but now it's finally almost available to purchase. Starting June 29th, the Schlage Sense Pro deadbolt lock will be available for $399 in the US…","<ul><li></li><li></li><li></li></ul>
The Schlage Sense Pro will work with Apples Home Key hands-free unlocking and is its first to support Matter and Thread.
The Schlage Sense Pro will work with Ap… [+3213 chars]",technology,schlages uwbenabled smart lock launches this month its been more than a year since schlage announced its first smart lock to support ultra wideband technology uwb but now its finally almost available to purchase starting june th the schlage sense pro deadbolt lock will be available for in the us ullilililililiul the schlage sense pro will work with apples home key handsfree unlocking and is its first to support matter and thread the schlage sense pro will work with ap chars
AI leaders call for tougher protections against AI-aided bioweapons,"Some of the AI industry's biggest rivals have put their many, many grievances aside for a common cause: making it harder for people to use their technology to develop biological weapons. In an open letter to US lawmakers, tech leaders are pressing Congress to…","<ul><li></li><li></li><li></li></ul>
AI industry rivals rarely agree, but theyre all concerned their technology could be used to develop biological weapons.
AI industry rivals rarely agree, but the… [+3704 chars]",technology,ai leaders call for tougher protections against aiaided bioweapons some of the ai industrys biggest rivals have put their many many grievances aside for a common cause making it harder for people to use their technology to develop biological weapons in an open letter to us lawmakers tech leaders are pressing congress to ullilililililiul ai industry rivals rarely agree but theyre all concerned their technology could be used to develop biological weapons ai industry rivals rarely agree but the chars
Meta Tapped a Pentagon Supplier to Prototype Face Recognition for Its Glasses,"Rank One, whose board includes a former CIA deputy director and a former FBI science chief, supplied face recognition to Meta for internal development of its smart glasses app.","Meta is testingface-recognition software built by a company that sells surveillance tools to police departments and the United States military, as it explores bringing the technology to its smart gla… [+3367 chars]",technology,meta tapped a pentagon supplier to prototype face recognition for its glasses rank one whose board includes a former cia deputy director and a former fbi science chief supplied face recognition to meta for internal development of its smart glasses app meta is testingfacerecognition software built by a company that sells surveillance tools to police departments and the united states military as it explores bringing the technology to its smart gla chars
The Secret Revolution in Battery Technology: 3-D Printing,"""There's a revolution in battery technology hiding in plain sight,"" reports The Wall Street Journal. ""The 3-D printing of batteries has the potential to put energy storage inside any device. 

""This will enable lightweight and long-lasting consumer gadgets, l…","""There's a revolution in battery technology hiding in plain sight,"" reports The Wall Street Journal. ""The 3-D printing of batteries has the potential to put energy storage inside any device.""This wil… [+2151 chars]",technology,the secret revolution in battery technology d printing theres a revolution in battery technology hiding in plain sight reports the wall street journal the d printing of batteries has the potential to put energy storage inside any device this will enable lightweight and longlasting consumer gadgets l theres a revolution in battery technology hiding in plain sight reports the wall street journal the d printing of batteries has the potential to put energy storage inside any devicethis wil chars
The White House Is Making Up Its Rules for AI in Real Time,Anthropic still can’t distribute Claude Mythos or Fable 5 after running afoul of the Trump administration. But no one can say exactly what the company did wrong.,"Its been nearly a week since the Trump administration sent an export control directive to Anthropic, forcing one of the worlds leading AI labs to pull its most advanced models offline. After days of … [+3695 chars]",technology,the white house is making up its rules for ai in real time anthropic still cant distribute claude mythos or fable after running afoul of the trump administration but no one can say exactly what the company did wrong its been nearly a week since the trump administration sent an export control directive to anthropic forcing one of the worlds leading ai labs to pull its most advanced models offline after days of chars
"This World Cup, Bigger Might Not Really Be Better","The biggest World Cup ever is pushing fans, players, and host cities to their limits—and experts say this is only the beginning.","An average visitor is expected to spend around $5,400 in the USfar above the $720-$2,500 visitors to Qatar spent in 2022.
Transport at this years tournament is fundamentally different from that of t… [+2979 chars]",technology,this world cup bigger might not really be better the biggest world cup ever is pushing fans players and host cities to their limitsand experts say this is only the beginning an average visitor is expected to spend around in the usfar above the visitors to qatar spent in transport at this years tournament is fundamentally different from that of t chars
The Korean Telecom Giant at the Center of Anthropic’s Mythos Controversy,"Days before Anthropic took its most advanced AI models offline, the White House ordered the company to revoke SK Telecom’s access to Claude Mythos over claims of alleged ties to China.",The Trump administrations move to impose export controls on Anthropics most powerful AI technology followed a spat over the company granting South Korean telecom giant SK Telecom access to its Claude… [+3694 chars],technology,the korean telecom giant at the center of anthropics mythos controversy days before anthropic took its most advanced ai models offline the white house ordered the company to revoke sk telecoms access to claude mythos over claims of alleged ties to china the trump administrations move to impose export controls on anthropics most powerful ai technology followed a spat over the company granting south korean telecom giant sk telecom access to its claude chars
Xbox exploring ‘radically different’ console business models,The RAMageddon crisis has got Microsoft rethinking its Xbox console hardware business. Xbox CEO Asha Sharma and Xbox strategy chief Matthew Ball have both revealed this week that Microsoft is re-evaluating plans for its next-generation Project Helix console a…,"<ul><li></li><li></li><li></li></ul>
Microsoft is re-evaluating its plans for Project Helix and considering new ways to lower Xbox console costs.
Microsoft is re-evaluating its plans for Project He… [+6463 chars]",business,xbox exploring radically different console business models the ramageddon crisis has got microsoft rethinking its xbox console hardware business xbox ceo asha sharma and xbox strategy chief matthew ball have both revealed this week that microsoft is reevaluating plans for its nextgeneration project helix console a ullilililililiul microsoft is reevaluating its plans for project helix and considering new ways to lower xbox console costs microsoft is reevaluating its plans for project he chars
What to Do in Houston If You're Here for Business (2026),"Discover the best hotels, restaurants, bars, coffee shops, and coworking space in our business traveler’s guide to Houston.","Houston, TX, USA - September 10, 2018: The Marriott Marquis is a Four Diamond hotel located in downtown Houston and features a Texas shaped pool, five restaurants and beautiful views from all angles.… [+4882 chars]",business,what to do in houston if youre here for business discover the best hotels restaurants bars coffee shops and coworking space in our business travelers guide to houston houston tx usa september the marriott marquis is a four diamond hotel located in downtown houston and features a texas shaped pool five restaurants and beautiful views from all angles chars
Someone Is Suing the U.S. For Making Them Go Without Anthropic’s Fable 5 Model,"Legion, a startup, says being denied access to Fable is damaging its business.","Anthropic’s Claude Fable 5 AI model was released to the public on June 9 and taken down on June 12. By my math, it was available for a little over three days. Anthropic took down Fable 5 voluntarily … [+2648 chars]",business,someone is suing the us for making them go without anthropics fable model legion a startup says being denied access to fable is damaging its business anthropics claude fable ai model was released to the public on june and taken down on june by my math it was available for a little over three days anthropic took down fable voluntarily chars
"Facing a seismic by-election, the people of Makerfield tell us what matters to them","In conversations with residents, business owners and campaigners in Makerfield, the BBC found a mixed mood.","In some ways, the constituency is divided between the better-off neighbourhoods of Ashton, Orrell, and Winstanley in the west, and the more deprived areas of Platt Bridge, Abram and Hindley in the ea… [+2 chars]",business,facing a seismic byelection the people of makerfield tell us what matters to them in conversations with residents business owners and campaigners in makerfield the bbc found a mixed mood in some ways the constituency is divided between the betteroff neighbourhoods of ashton orrell and winstanley in the west and the more deprived areas of platt bridge abram and hindley in the ea chars
Andrew Yang Is Living the Presidential Life (Trying to Build a Mobile Phone Business),The former presidential candidate’s Noble Mobile just acquired Helium Mobile.,"So, what has Andrew Yang been up to since his unsuccessful runs for U.S. president and mayor of New York City? Like our current president, he is now in the mobile phone business.
Yang launched a bud… [+2718 chars]",business,andrew yang is living the presidential life trying to build a mobile phone business the former presidential candidates noble mobile just acquired helium mobile so what has andrew yang been up to since his unsuccessful runs for us president and mayor of new york city like our current president he is now in the mobile phone business yang launched a bud chars
Karren Brady stayed at West Ham despite knowing of Sullivan women's team ban,"Brady's lawyers said she had ""no knowledge"" of the allegations made against long-time business partner David Sullivan.","Baroness Brady, 57, who is best known for her role on BBC One's The Apprentice, has worked for Sullivan for the best part of four decades, including 16 years as vice-chair at West Ham.",business,karren brady stayed at west ham despite knowing of sullivan womens team ban bradys lawyers said she had no knowledge of the allegations made against longtime business partner david sullivan baroness brady who is best known for her role on bbc ones the apprentice has worked for sullivan for the best part of four decades including years as vicechair at west ham
Smart lock maker Level has been gutted and its founders are out,"Assa Abloy has laid off the majority of staff at Level Home, the smart lock company known for building smart tech into traditional-looking deadbolts, and is folding the business into Kwikset, according to a source familiar with the decision. The Verge obtaine…","<ul><li></li><li></li><li></li></ul>
A source tells The Verge that Assa Abloy has laid off the majority of Level Homes staff and is folding it into Kwikset. Assa Abloy says it will continue to devel… [+4077 chars]",business,smart lock maker level has been gutted and its founders are out assa abloy has laid off the majority of staff at level home the smart lock company known for building smart tech into traditionallooking deadbolts and is folding the business into kwikset according to a source familiar with the decision the verge obtaine ullilililililiul a source tells the verge that assa abloy has laid off the majority of level homes staff and is folding it into kwikset assa abloy says it will continue to devel chars
Bose thinks it can be a media company for some reason,"The history books are littered with the corpses of corporate record labels started by companies that had no business being in the music industry. Bose thinks it can be the exception to the rule. It thinks it can be Red Bull. And, while Bose has more of a righ…","<ul><li></li><li></li><li></li></ul>
Bose Studios is a record label, a movie studio, a podcast network, and a failure waiting to happen.
Bose Studios is a record label, a movie studio, a podcast ne… [+4123 chars]",business,bose thinks it can be a media company for some reason the history books are littered with the corpses of corporate record labels started by companies that had no business being in the music industry bose thinks it can be the exception to the rule it thinks it can be red bull and while bose has more of a righ ullilililililiul bose studios is a record label a movie studio a podcast network and a failure waiting to happen bose studios is a record label a movie studio a podcast ne chars
Let him cook: How Weber Blackstone CEO Roger Dahle went from upstart to the biggest name in grilling,It’s time for our annual Fourth of July grill episode here at Decoder. This is when we invite the CEOs of outdoor cooking companies onto the show to explain just how their businesses kind of look like every other business. And this is a very special edition. …,"<ul><li></li><li></li><li></li></ul>
After taking over Weber, Blackstone founder Roger Dahles new job is integrating his griddle empire with what used to be his biggest competitor.
If you buy somet… [+69198 chars]",business,let him cook how weber blackstone ceo roger dahle went from upstart to the biggest name in grilling its time for our annual fourth of july grill episode here at decoder this is when we invite the ceos of outdoor cooking companies onto the show to explain just how their businesses kind of look like every other business and this is a very special edition ullilililililiul after taking over weber blackstone founder roger dahles new job is integrating his griddle empire with what used to be his biggest competitor if you buy somet chars
VSCO launches Studio Pro mobile photo editing app and plans $500 per year subscription,"VSCO is taking on Adobe with a new Studio Pro editing app rolling out today on iOS and coming to macOS later this year, as Bloomberg reports. At launch, the app offers tools for batch editing, style matching from a reference image, and sharing images through …","<ul><li></li><li></li><li></li></ul>
The VSCO One subscription bundle is aimed at handling a professional photographers entire business, from editing to delivery.
The VSCO One subscription bundle i… [+2278 chars]",business,vsco launches studio pro mobile photo editing app and plans per year subscription vsco is taking on adobe with a new studio pro editing app rolling out today on ios and coming to macos later this year as bloomberg reports at launch the app offers tools for batch editing style matching from a reference image and sharing images through ullilililililiul the vsco one subscription bundle is aimed at handling a professional photographers entire business from editing to delivery the vsco one subscription bundle i chars
Is Apple TV the new HBO?,"This is Lowpass by Janko Roettgers, a newsletter on the ever-evolving intersection of tech and entertainment, syndicated just for The Verge subscribers once a week. Severance. Pachinko. Silo. Ted Lasso. Over the past couple of years, a number of Apple TV show…","<ul><li></li><li></li><li></li></ul>
Unlike competitors like Netflix, Apple TV emphasizes tentpole titles over large catalogs.
Unlike competitors like Netflix, Apple TV emphasizes tentpole titles o… [+6523 chars]",business,is apple tv the new hbo this is lowpass by janko roettgers a newsletter on the everevolving intersection of tech and entertainment syndicated just for the verge subscribers once a week severance pachinko silo ted lasso over the past couple of years a number of apple tv show ullilililililiul unlike competitors like netflix apple tv emphasizes tentpole titles over large catalogs unlike competitors like netflix apple tv emphasizes tentpole titles o chars
"What Would Jesus Do? Invest in Palantir, Apparently","But SpaceX would not be considered ""biblically responsible investing.""","Investors should ask a lot of questions before deciding to bet any portion of their future on a company. For the folks at Inspire Investing, one of those questions is apparently, “What would Christ i… [+2910 chars]",business,what would jesus do invest in palantir apparently but spacex would not be considered biblically responsible investing investors should ask a lot of questions before deciding to bet any portion of their future on a company for the folks at inspire investing one of those questions is apparently what would christ i chars
"No more lightbulbs, much more sports: Five predictions for Roku’s future","This is Lowpass by Janko Roettgers, a newsletter on the ever-evolving intersection of tech and entertainment, syndicated just for The Verge subscribers once a week. When Fox announced its acquisition of Roku earlier this week, executives of both companies wer…","<ul><li></li><li></li><li></li></ul>
How getting acquired by Fox will change things for the streaming device maker, from its IoT business to its international expansion.
How getting acquired by Fox… [+7892 chars]",sports,no more lightbulbs much more sports five predictions for rokus future this is lowpass by janko roettgers a newsletter on the everevolving intersection of tech and entertainment syndicated just for the verge subscribers once a week when fox announced its acquisition of roku earlier this week executives of both companies wer ullilililililiul how getting acquired by fox will change things for the streaming device maker from its iot business to its international expansion how getting acquired by fox chars
US Supreme Court upholds bans on transgender women in female school and college sports,It rules that states can ban transgender athletes from competing in women's and girls' sports.,"The US Supreme Court has ruled that states can ban transgender women from competing in female school and college sports.
The court considered cases from students in two different states who had chal… [+1596 chars]",sports,us supreme court upholds bans on transgender women in female school and college sports it rules that states can ban transgender athletes from competing in womens and girls sports the us supreme court has ruled that states can ban transgender women from competing in female school and college sports the court considered cases from students in two different states who had chal chars
"Taller, faster, older: How top footballers' bodies have changed over 50 years","More intense match play and advances in medicine and sports science have transformed the physiology of elite players, experts say.","Studies suggest that in the 1970s, players walked, jogged or ran an average of 8.7km per match - and this rose to a peak of 11.4km in the 1990s, but has since dropped. Players in the 2022 World Cup c… [+111 chars]",sports,taller faster older how top footballers bodies have changed over years more intense match play and advances in medicine and sports science have transformed the physiology of elite players experts say studies suggest that in the s players walked jogged or ran an average of km per match and this rose to a peak of km in the s but has since dropped players in the world cup c chars
Google launches Wear OS 7 with Live Updates and a battery life boost,"Google's Wear OS 7 update is starting to roll out today for the Pixel Watch 2, 3, and 4 , adding a new Live Updates feature that tracks live events from your Android smart watch. Live Updates will now sync with Wear OS devices, so updates like sports scores o…","<ul><li></li><li></li><li></li></ul>
Pixel watches will also get Gemini Intelligence features later this year, like AI-generated widgets.
Pixel watches will also get Gemini Intelligence features la… [+3394 chars]",sports,google launches wear os with live updates and a battery life boost googles wear os update is starting to roll out today for the pixel watch and adding a new live updates feature that tracks live events from your android smart watch live updates will now sync with wear os devices so updates like sports scores o ullilililililiul pixel watches will also get gemini intelligence features later this year like aigenerated widgets pixel watches will also get gemini intelligence features la chars
Firefox’s new home page widgets are helping me focus,"I launched Firefox this morning to find some new blocks on my home page. The widgets that are currently rolling out add sports scores, time zones, a focus timer, and a checklist, which are already some of my favorite new Firefox features in years. I usually h…","<ul><li></li><li></li><li></li></ul>
The browsers new tabs can have a built-in checklist and customizable focus timer.
The browsers new tabs can have a built-in checklist and customizable focus tim… [+2282 chars]",sports,firefoxs new home page widgets are helping me focus i launched firefox this morning to find some new blocks on my home page the widgets that are currently rolling out add sports scores time zones a focus timer and a checklist which are already some of my favorite new firefox features in years i usually h ullilililililiul the browsers new tabs can have a builtin checklist and customizable focus timer the browsers new tabs can have a builtin checklist and customizable focus tim chars
Facebook’s new AI Mode search gets its info from public posts,"Your public Facebook posts could help inform AI-generated results in Meta's new AI Mode. When you search on Facebook, the ""AI Mode"" option will appear alongside the usual search modes like ""People"" and ""Marketplace."" It's one of several new AI features Meta i…","<ul><li></li><li></li><li></li></ul>
Metas Muse Spark AI answers questions based on what its learned from the social network.
Metas Muse Spark AI answers questions based on what its learned from th… [+2403 chars]",sports,facebooks new ai mode search gets its info from public posts your public facebook posts could help inform aigenerated results in metas new ai mode when you search on facebook the ai mode option will appear alongside the usual search modes like people and marketplace its one of several new ai features meta i ullilililililiul metas muse spark ai answers questions based on what its learned from the social network metas muse spark ai answers questions based on what its learned from th chars
I'm not a sports fanatic. But the Knicks' championship was more than a sports story.,The New York Knicks won its first championship in 53 years on Saturday. This non-fanatic ruminates on the takeaways for all of us.,"A Knicks fan celebrates the team's first championship in 53 years in New York City.David Dee Delgado/Getty Images
<ul><li>The Knicks won their first championship in 53 years on Saturday.</li><li>The… [+1306 chars]",sports,im not a sports fanatic but the knicks championship was more than a sports story the new york knicks won its first championship in years on saturday this nonfanatic ruminates on the takeaways for all of us a knicks fan celebrates the teams first championship in years in new york citydavid dee delgadogetty images ullithe knicks won their first championship in years on saturdaylilithe chars
"Today's NYT Connections: Sports Edition Hints and Answers for June 21, #636","Here's today's Connections: Sports Edition answer and hints for groups. These clues will help you solve The New York Times' popular puzzle game, Connections: Sports Edition, every day.","Looking for the most recent regular Connections answers? Click here for today's Connections hints, as well as our daily answers and hints for The New York Times Mini Crossword, Wordle and Strands puz… [+1959 chars]",sports,todays nyt connections sports edition hints and answers for june heres todays connections sports edition answer and hints for groups these clues will help you solve the new york times popular puzzle game connections sports edition every day looking for the most recent regular connections answers click here for todays connections hints as well as our daily answers and hints for the new york times mini crossword wordle and strands puz chars
"Today's NYT Connections: Sports Edition Hints and Answers for June 22, #637","Here's today's Connections: Sports Edition answer and hints for groups. These clues will help you solve The New York Times' popular puzzle game, Connections: Sports Edition, every day.","Looking for the most recent regular Connections answers? Click here for today's Connections hints, as well as our daily answers and hints for The New York Times Mini Crossword, Wordle and Strands puz… [+1928 chars]",sports,todays nyt connections sports edition hints and answers for june heres todays connections sports edition answer and hints for groups these clues will help you solve the new york times popular puzzle game connections sports edition every day looking for the most recent regular connections answers click here for todays connections hints as well as our daily answers and hints for the new york times mini crossword wordle and strands puz chars
"Today's NYT Connections: Sports Edition Hints and Answers for June 27, #642","Here's today's Connections: Sports Edition answer and hints for groups. These clues will help you solve The New York Times' popular puzzle game, Connections: Sports Edition, every day.","Looking for the most recent regular Connections answers? Click here for today's Connections hints, as well as our daily answers and hints for The New York Times Mini Crossword, Wordle and Strands puz… [+2044 chars]",sports,todays nyt connections sports edition hints and answers for june heres todays connections sports edition answer and hints for groups these clues will help you solve the new york times popular puzzle game connections sports edition every day looking for the most recent regular connections answers click here for todays connections hints as well as our daily answers and hints for the new york times mini crossword wordle and strands puz chars
"Today's NYT Connections: Sports Edition Hints and Answers for June 3, #618","Here's today's Connections: Sports Edition answer and hints for groups. These clues will help you solve The New York Times' popular puzzle game, Connections: Sports Edition, every day.","Looking for the most recent regular Connections answers? Click here for today's Connections hints, as well as our daily answers and hints for The New York Times Mini Crossword, Wordle and Strands puz… [+2009 chars]",sports,todays nyt connections sports edition hints and answers for june heres todays connections sports edition answer and hints for groups these clues will help you solve the new york times popular puzzle game connections sports edition every day looking for the most recent regular connections answers click here for todays connections hints as well as our daily answers and hints for the new york times mini crossword wordle and strands puz chars
"Today's NYT Connections: Sports Edition Hints and Answers for June 24, #639","Here's today's Connections: Sports Edition answer and hints for groups. These clues will help you solve The New York Times' popular puzzle game, Connections: Sports Edition, every day.","Looking for the most recent regular Connections answers? Click here for today's Connections hints, as well as our daily answers and hints for The New York Times Mini Crossword, Wordle and Strands puz… [+1850 chars]",sports,todays nyt connections sports edition hints and answers for june heres todays connections sports edition answer and hints for groups these clues will help you solve the new york times popular puzzle game connections sports edition every day looking for the most recent regular connections answers click here for todays connections hints as well as our daily answers and hints for the new york times mini crossword wordle and strands puz chars
"Today's NYT Connections: Sports Edition Hints and Answers for June 7, #622","Here's today's Connections: Sports Edition answer and hints for groups. These clues will help you solve The New York Times' popular puzzle game, Connections: Sports Edition, every day.","Looking for the most recent regular Connections answers? Click here for today's Connections hints, as well as our daily answers and hints for The New York Times Mini Crossword, Wordle and Strands puz… [+1941 chars]",sports,todays nyt connections sports edition hints and answers for june heres todays connections sports edition answer and hints for groups these clues will help you solve the new york times popular puzzle game connections sports edition every day looking for the most recent regular connections answers click here for todays connections hints as well as our daily answers and hints for the new york times mini crossword wordle and strands puz chars
"Today's NYT Connections: Sports Edition Hints and Answers for June 4, #619","Here's today's Connections: Sports Edition answer and hints for groups. These clues will help you solve The New York Times' popular puzzle game, Connections: Sports Edition, every day.","Looking for the most recent regular Connections answers? Click here for today's Connections hints, as well as our daily answers and hints for The New York Times Mini Crossword, Wordle and Strands puz… [+2014 chars]",sports,todays nyt connections sports edition hints and answers for june heres todays connections sports edition answer and hints for groups these clues will help you solve the new york times popular puzzle game connections sports edition every day looking for the most recent regular connections answers click here for todays connections hints as well as our daily answers and hints for the new york times mini crossword wordle and strands puz chars
"Today's NYT Connections: Sports Edition Hints and Answers for June 29, #644","Here's today's Connections: Sports Edition answer and hints for groups. These clues will help you solve The New York Times' popular puzzle game, Connections: Sports Edition, every day.","Looking for the most recent regular Connections answers? Click here for today's Connections hints, as well as our daily answers and hints for The New York Times Mini Crossword, Wordle and Strands puz… [+1861 chars]",sports,todays nyt connections sports edition hints and answers for june heres todays connections sports edition answer and hints for groups these clues will help you solve the new york times popular puzzle game connections sports edition every day looking for the most recent regular connections answers click here for todays connections hints as well as our daily answers and hints for the new york times mini crossword wordle and strands puz chars
The Fitbit Air takes a smarter approach to the AI health dumpster fire,"Google Health Coach seems to think I'm on the verge of physical collapse. My sleep is not where it needs to be, hence my unimpressive readiness score. My heart rate variability, a measure of how recovered I am, is below baseline. I'm spending too much time in…","<ul><li></li><li></li><li></li></ul>
Google Health remains a work in progress, but it could be so much worse.
If you buy something from a Verge link, Vox Media may earn a commission. See our ethics… [+14534 chars]",health,the fitbit air takes a smarter approach to the ai health dumpster fire google health coach seems to think im on the verge of physical collapse my sleep is not where it needs to be hence my unimpressive readiness score my heart rate variability a measure of how recovered i am is below baseline im spending too much time in ullilililililiul google health remains a work in progress but it could be so much worse if you buy something from a verge link vox media may earn a commission see our ethics chars
"New York’s Latest Tourist? A Rare, Potentially More Severe Form of Lyme Disease","This week, health officials reported the first known case of Borrelia mayonii in New York.","A rare form of Lyme disease is making inroads into the United States.
On Thursday, researchers and local health officials in New York detailed a case of Lyme caused by the bacterium Borrelia mayonii… [+3976 chars]",health,new yorks latest tourist a rare potentially more severe form of lyme disease this week health officials reported the first known case of borrelia mayonii in new york a rare form of lyme disease is making inroads into the united states on thursday researchers and local health officials in new york detailed a case of lyme caused by the bacterium borrelia mayonii chars
"Even One Drink a Day Could Raise Your Cancer Risk, Study Warns","For some health conditions like cancer, there's no safe level of alcohol consumption, a large new review finds.","A drink a day won’t keep the cancer away. New research shows even light amounts of alcohol consumption might raise people’s risk of several cancers.
Scientists at the University of Washington in Sea… [+3256 chars]",health,even one drink a day could raise your cancer risk study warns for some health conditions like cancer theres no safe level of alcohol consumption a large new review finds a drink a day wont keep the cancer away new research shows even light amounts of alcohol consumption might raise peoples risk of several cancers scientists at the university of washington in sea chars
Fire at Massive Medical Warehouse in California Pumps Toxic Smoke Into the Air,Health officials warn the smoke could be hazardous to multiple communities in the Central Valley and San Joaquin Valley.,"A medical warehouse in Tracy, California, was burning out of control on Thursday, filling the air with black smoke contaminated by medical supplies and building materials.
The 1 million-square-foot … [+4264 chars]",health,fire at massive medical warehouse in california pumps toxic smoke into the air health officials warn the smoke could be hazardous to multiple communities in the central valley and san joaquin valley a medical warehouse in tracy california was burning out of control on thursday filling the air with black smoke contaminated by medical supplies and building materials the millionsquarefoot chars
"Americans Are in the Dark About the Dangers of Hot Dogs, Survey Finds","Only 11% could name a specific health risk linked to hot dogs and other processed meats, such as cancer.","With the Fourth of July coming up, there’s almost certain to be a hidden and dangerous threat lurking in your refrigerator or freezer. I’m talking, of course, about hot dogs.
A new poll this week, c… [+3563 chars]",health,americans are in the dark about the dangers of hot dogs survey finds only could name a specific health risk linked to hot dogs and other processed meats such as cancer with the fourth of july coming up theres almost certain to be a hidden and dangerous threat lurking in your refrigerator or freezer im talking of course about hot dogs a new poll this week c chars
The Sperm-Maxxing Bros Are Actually Onto Something,"Wellness influencers have stumbled onto a huge issue when it comes male fertility, though not every solution they're pitching is good advice.","Supplements are like a religion for Pachi Paris, a 29-year-old from Miami who works in finance. So when he and his wife started trying to conceive last year, it felt only natural that he started taki… [+3472 chars]",health,the spermmaxxing bros are actually onto something wellness influencers have stumbled onto a huge issue when it comes male fertility though not every solution theyre pitching is good advice supplements are like a religion for pachi paris a yearold from miami who works in finance so when he and his wife started trying to conceive last year it felt only natural that he started taki chars
'Lazy but convenient' - a quarter of young adults in Wales have two or more takeaways a week,Public Health Wales said it must become easier for people to make healthier eating choices.,"Dr Catherine Sharp, from PHW, said it must become easier for young people to make healthier choices, pointing out how ""easy"" and ""convenient"" it is to order food using a phone.",health,lazy but convenient a quarter of young adults in wales have two or more takeaways a week public health wales said it must become easier for people to make healthier eating choices dr catherine sharp from phw said it must become easier for young people to make healthier choices pointing out how easy and convenient it is to order food using a phone
Is watching England in the World Cup bad for your health?,Watching football is an emotional rollercoaster - but is it good or bad for your health?,"""I want to see a stress response, excitement, emotional anxiety, fear, shouting, forgetting to breathe, perhaps breathing too much, all of the above.""",health,is watching england in the world cup bad for your health watching football is an emotional rollercoaster but is it good or bad for your health i want to see a stress response excitement emotional anxiety fear shouting forgetting to breathe perhaps breathing too much all of the above
Asus’ VivoWatch 6 Plus Can Send Health Data to Your Doctor,The Asus AI Agent now works in healthcare.,"The new Asus VivoWatch 6 Plus, announced at Computex 2026, is more than just a smartwatch that sends you notifications or tracks your workouts. Its part of the Asus AI-powered health care ecosystem. … [+2423 chars]",health,asus vivowatch plus can send health data to your doctor the asus ai agent now works in healthcare the new asus vivowatch plus announced at computex is more than just a smartwatch that sends you notifications or tracks your workouts its part of the asus aipowered health care ecosystem chars
Six-year-old Ebola patient taken from DR Congo hospital found and 'doing well',Health facilities have come under attack during the current outbreak as a result of misinformation and fear.,"A six-year-old Ebola patient, who Congolese authorities were searching for after armed men stormed the hospital where she was being treated, has been found and is ""doing well"", a local health officia… [+18 chars]",health,sixyearold ebola patient taken from dr congo hospital found and doing well health facilities have come under attack during the current outbreak as a result of misinformation and fear a sixyearold ebola patient who congolese authorities were searching for after armed men stormed the hospital where she was being treated has been found and is doing well a local health officia chars
The Weather Channel app now predicts bad allergy days,"The Weather Company announced an ""enhanced allergy experience"" now available through its The Weather Channel app designed to help allergy sufferers better understand when their symptoms might flare up, and what's causing them. While the app already provides s…","<ul><li></li><li></li><li></li></ul>
A new update now factors in weather conditions like wind to help you understand why youre suddenly sneezing.
A new update now factors in weather conditions like… [+3003 chars]",health,the weather channel app now predicts bad allergy days the weather company announced an enhanced allergy experience now available through its the weather channel app designed to help allergy sufferers better understand when their symptoms might flare up and whats causing them while the app already provides s ullilililililiul a new update now factors in weather conditions like wind to help you understand why youre suddenly sneezing a new update now factors in weather conditions like chars
"Apple announces watchOS 27, now with Siri AI","Apple just announced watchOS 27, the next version of its Apple Watch operating system, introducing support for Siri AI, a redesigned ""dynamic"" app grid, and improvements to health and fitness tracking. The watchOS 27 update will be available ""this fall,"" acco…","<ul><li></li><li></li><li></li></ul>
The upcoming update will be limited to Apples more recent Watch models.
The upcoming update will be limited to Apples more recent Watch models.
by
Jess Weathe… [+4841 chars]",health,apple announces watchos now with siri ai apple just announced watchos the next version of its apple watch operating system introducing support for siri ai a redesigned dynamic app grid and improvements to health and fitness tracking the watchos update will be available this fall acco ullilililililiul the upcoming update will be limited to apples more recent watch models the upcoming update will be limited to apples more recent watch models by jess weathe chars
"The Apple Watch Series 11 is $120 off for Prime Day, its all-time low price","We’ve seen a lot of great Prime Day deals on wearables this year, from the Fitbit Charge 6 to the latest Apple Watch SE. But if you’re looking for advanced health features, the Apple Watch Series 11 is the one to check out, and it’s now down to its best price…","<ul><li></li><li></li><li></li></ul>
Its our favorite Apple Watch for health tracking, offering advanced features like EKG support.
Its our favorite Apple Watch for health tracking, offering advanc… [+2900 chars]",health,the apple watch series is off for prime day its alltime low price weve seen a lot of great prime day deals on wearables this year from the fitbit charge to the latest apple watch se but if youre looking for advanced health features the apple watch series is the one to check out and its now down to its best price ullilililililiul its our favorite apple watch for health tracking offering advanced features like ekg support its our favorite apple watch for health tracking offering advanc chars
Amber Extreme Heat warning issued by Met Office as 35C heatwave approaches,Temperatures are expected to peak in the mid-30s Celsius on Monday and Tuesday with impacts on health and a risk of disruption to travel.,"The Met Office has issued an amber Extreme Heat warning for parts of southern and eastern England and south Wales.
The warning is valid for Monday and Tuesday and warns of temperatures peaking at 35… [+774 chars]",health,amber extreme heat warning issued by met office as c heatwave approaches temperatures are expected to peak in the mids celsius on monday and tuesday with impacts on health and a risk of disruption to travel the met office has issued an amber extreme heat warning for parts of southern and eastern england and south wales the warning is valid for monday and tuesday and warns of temperatures peaking at chars
The Federal Agency Fighting Bed Bugs Keeps Getting Infested But its Workers Aren’t Allowed to Telecommute,"Trump's USDA says employees of the bed bug-infested Animal and Plant Health Inspection Service are expected to show up to their noxious, itchy office or spend vacation days to work from home.","If youve thus far been fortunate enough to avoid the soul-crushing experience of a bed bug infestation, you really dont know how lucky you are. Theres no way to truly understand how their invasion, r… [+3110 chars]",health,the federal agency fighting bed bugs keeps getting infested but its workers arent allowed to telecommute trumps usda says employees of the bed buginfested animal and plant health inspection service are expected to show up to their noxious itchy office or spend vacation days to work from home if youve thus far been fortunate enough to avoid the soulcrushing experience of a bed bug infestation you really dont know how lucky you are theres no way to truly understand how their invasion r chars
"Maddy Cusack kept mental health secret over fears of stigma, inquest hears","The former Sheffield United player had feared being ridiculed and stigmatised, her inquest hears.","Former Sheffield United player Maddy Cusack was concerned she would be stigmatised and ridiculed over her mental health, an inquest has heard.
The 27-year-old was found dead at her home in Horsley, … [+1140 chars]",health,maddy cusack kept mental health secret over fears of stigma inquest hears the former sheffield united player had feared being ridiculed and stigmatised her inquest hears former sheffield united player maddy cusack was concerned she would be stigmatised and ridiculed over her mental health an inquest has heard the yearold was found dead at her home in horsley chars
Cooler Saturday gives brief relief before heat returns,"After a slightly cooler Saturday, temperatures will rise again, possibly touching 35C by Tuesday with a Met Office amber extreme heat warning set to come into force.","There will be tropical nights in some locations where overnight temperatures are expected to remain above 20C (68F).
This combination of hot days and very warm nights is likely to bring a range of i… [+590 chars]",health,cooler saturday gives brief relief before heat returns after a slightly cooler saturday temperatures will rise again possibly touching c by tuesday with a met office amber extreme heat warning set to come into force there will be tropical nights in some locations where overnight temperatures are expected to remain above c f this combination of hot days and very warm nights is likely to bring a range of i chars
The war against ‘woke’ could end US science as we know it,"A sneaky rule change has the potential to blow up scientific research in the United States. But there's still time to fight it. On May 29th, the Office of Management and Budget (OMB) issued a 412-page proposal to revise federal financial assistance. The langu…","<ul><li></li><li></li><li></li></ul>
The war against woke could end US science as we know it
Everyone will be affected, not just scientists. Every community in the country.
by
Bethany BrookshireC… [+18188 chars]",science,the war against woke could end us science as we know it a sneaky rule change has the potential to blow up scientific research in the united states but theres still time to fight it on may th the office of management and budget omb issued a page proposal to revise federal financial assistance the langu ullilililililiul the war against woke could end us science as we know it everyone will be affected not just scientists every community in the country by bethany brookshirec chars
Meta Tapped a Pentagon Supplier to Prototype Face Recognition for Its Glasses,"Rank One, whose board includes a former CIA deputy director and a former FBI science chief, supplied face recognition to Meta for internal development of its smart glasses app.","Meta is testingface-recognition software built by a company that sells surveillance tools to police departments and the United States military, as it explores bringing the technology to its smart gla… [+3367 chars]",science,meta tapped a pentagon supplier to prototype face recognition for its glasses rank one whose board includes a former cia deputy director and a former fbi science chief supplied face recognition to meta for internal development of its smart glasses app meta is testingfacerecognition software built by a company that sells surveillance tools to police departments and the united states military as it explores bringing the technology to its smart gla chars
"Taller, faster, older: How top footballers' bodies have changed over 50 years","More intense match play and advances in medicine and sports science have transformed the physiology of elite players, experts say.","Studies suggest that in the 1970s, players walked, jogged or ran an average of 8.7km per match - and this rose to a peak of 11.4km in the 1990s, but has since dropped. Players in the 2022 World Cup c… [+111 chars]",science,taller faster older how top footballers bodies have changed over years more intense match play and advances in medicine and sports science have transformed the physiology of elite players experts say studies suggest that in the s players walked jogged or ran an average of km per match and this rose to a peak of km in the s but has since dropped players in the world cup c chars
"Scientists Pulled 700,000-Year-Old DNA From Frozen Squirrel Poop","Ancient poop left behind by Arctic ground squirrels ended up containing a remarkable array of genetic information, a study says.","Arctic ground squirrels will eat just about anything. Apparently, they have been like this for at least 700,000 yearsas evidenced by their poop, preserved in Yukons deep permafrost. But thats not all… [+3123 chars]",science,scientists pulled yearold dna from frozen squirrel poop ancient poop left behind by arctic ground squirrels ended up containing a remarkable array of genetic information a study says arctic ground squirrels will eat just about anything apparently they have been like this for at least yearsas evidenced by their poop preserved in yukons deep permafrost but thats not all chars
Taylor Swift Confirms Original Song for ‘Toy Story 5’,"Plus, new looks at Tombstone, Bullseye, Luke Cage, and Iron Fist!",Killer wasps from Twilight Zone Magazine to receive film treatment from Pulitzer-winning novelist. Mystery Science Theater 3000 previews its new opening title sequence. SXSW London to celebrate Latve… [+2991 chars],science,taylor swift confirms original song for toy story plus new looks at tombstone bullseye luke cage and iron fist killer wasps from twilight zone magazine to receive film treatment from pulitzerwinning novelist mystery science theater previews its new opening title sequence sxsw london to celebrate latve chars
I took a sweat test at Gatorade's elite sports lab. It revealed 3 hydration mistakes I was making.,"A sweat test at Gatorade's sports science lab for elite athletes revealed I wasn't consuming enough water, electrolytes, or carbs during workouts.","The Gatorade Sports Science Institute offers exercise testing for elite athletes. I put my sweat to the test as an amateur roller derby athlete.Clark Hodgin for BI
""It's HOW hot in here?""I'm no stra… [+9858 chars]",science,i took a sweat test at gatorades elite sports lab it revealed hydration mistakes i was making a sweat test at gatorades sports science lab for elite athletes revealed i wasnt consuming enough water electrolytes or carbs during workouts the gatorade sports science institute offers exercise testing for elite athletes i put my sweat to the test as an amateur roller derby athleteclark hodgin for bi its how hot in hereim no stra chars
The first-ever reverse-aging drug was just injected into a human,"Cellular reprogramming is the hottest topic in longevity science, with tech titans like Sam Altman investing in it. It's now being tested in humans.","The first-ever reverse-aging drug has been injected into a human.Catherine Falls Commercial/Getty Images
<ul><li>In a breakthrough for longevity science, a reverse-aging treatment has been injected … [+7424 chars]",science,the firstever reverseaging drug was just injected into a human cellular reprogramming is the hottest topic in longevity science with tech titans like sam altman investing in it its now being tested in humans the firstever reverseaging drug has been injected into a humancatherine falls commercialgetty images ulliin a breakthrough for longevity science a reverseaging treatment has been injected chars
Claude Science,"Claude Science is your AI workbench for scientific research. Works through your research like a skilled scientist, running the analysis and tracing every step. Spend less time stitching pipelines together, and more time on the science.","<li>Help me develop a unique voice for an audience
Hi Claude! Could you help me develop a unique voice for an audience? If you need more information from me, ask me 1-2 key questions right away. If … [+1962 chars]",science,claude science claude science is your ai workbench for scientific research works through your research like a skilled scientist running the analysis and tracing every step spend less time stitching pipelines together and more time on the science lihelp me develop a unique voice for an audience hi claude could you help me develop a unique voice for an audience if you need more information from me ask me key questions right away if chars
Should We Be Worried About the Artificial Dyes in our Food?,"Robert F. Kennedy Jr. has argued that artificial dyes are ""poisonous compounds"" that are harming America's kids. Does he actually have a point?","Growing up, few things in the supermarket excited me as much as a colorful bag of candy, a breakfast cereal box, or another sugary snack. And even today, though I try to keep my sweet tooth in check,… [+15881 chars]",science,should we be worried about the artificial dyes in our food robert f kennedy jr has argued that artificial dyes are poisonous compounds that are harming americas kids does he actually have a point growing up few things in the supermarket excited me as much as a colorful bag of candy a breakfast cereal box or another sugary snack and even today though i try to keep my sweet tooth in check chars
Feds Charge 2 NIH Scientists With ‘Conspiracy to Smuggle’ Deadly Virus,Researchers with NIH’s Rocky Mountain Laboratories in Montana reentered the country with inactivated mpox. But was that a crime?,Two government scientists with the U.S. National Institutes of Healths Rocky Mountain Laboratories reentered the country this January with a large black plastic case that worried customs officials. F… [+4253 chars],science,feds charge nih scientists with conspiracy to smuggle deadly virus researchers with nihs rocky mountain laboratories in montana reentered the country with inactivated mpox but was that a crime two government scientists with the us national institutes of healths rocky mountain laboratories reentered the country this january with a large black plastic case that worried customs officials f chars
The college with the highest-earning graduates in every US state,"These colleges and universities produced the highest-earning graduates in their states, according to median earnings. See the full list.","At some schools, investing in higher education pays off more than in others.
Business Insider recently identified the 34 US colleges with the highest-paid graduates four years after completing their… [+14256 chars]",science,the college with the highestearning graduates in every us state these colleges and universities produced the highestearning graduates in their states according to median earnings see the full list at some schools investing in higher education pays off more than in others business insider recently identified the us colleges with the highestpaid graduates four years after completing their chars
"Robot tadpole fools frog dads, but mom knows better","A researcher studying how amphibious creatures communicate was able to trick frog dads, but the moms were not fooled. 
When Billie Goolsby, who is hard of hearing, told her chemistry professor at Boston University that she wanted to pursue science, she was to…","A researcher studying how amphibious creatures communicate was able to trick frog dads, but the moms were not fooled. 
When Billie Goolsby, who is hard of hearing, told her chemistry professor at Bo… [+1261 chars]",science,robot tadpole fools frog dads but mom knows better a researcher studying how amphibious creatures communicate was able to trick frog dads but the moms were not fooled when billie goolsby who is hard of hearing told her chemistry professor at boston university that she wanted to pursue science she was to a researcher studying how amphibious creatures communicate was able to trick frog dads but the moms were not fooled when billie goolsby who is hard of hearing told her chemistry professor at bo chars
BBC Inside Science,How do you research the impacts of social media on young people?,"Available for 34 days
After this weeks announcement that under-16s will be banned from major social media platforms, we delve into the evidence behind the ban with Professor Amy Orben, Programme Lea… [+648 chars]",science,bbc inside science how do you research the impacts of social media on young people available for days after this weeks announcement that unders will be banned from major social media platforms we delve into the evidence behind the ban with professor amy orben programme lea chars
The science around GLP-1 drugs and cancer is suddenly getting a lot more interesting,The story of GLP-1 drugs keeps getting bigger. First they transformed the treatment of diabetes. Then they upended the science - and culture - of weight loss...,"The story of GLP-1 drugs keeps getting bigger.
First they transformed the treatment of diabetes. Then they upended the science - and culture - of weight loss. Now a growing body of research is raisi… [+10009 chars]",science,the science around glp drugs and cancer is suddenly getting a lot more interesting the story of glp drugs keeps getting bigger first they transformed the treatment of diabetes then they upended the science and culture of weight loss the story of glp drugs keeps getting bigger first they transformed the treatment of diabetes then they upended the science and culture of weight loss now a growing body of research is raisi chars
"No more lightbulbs, much more sports: Five predictions for Roku’s future","This is Lowpass by Janko Roettgers, a newsletter on the ever-evolving intersection of tech and entertainment, syndicated just for The Verge subscribers once a week. When Fox announced its acquisition of Roku earlier this week, executives of both companies wer…","<ul><li></li><li></li><li></li></ul>
How getting acquired by Fox will change things for the streaming device maker, from its IoT business to its international expansion.
How getting acquired by Fox… [+7892 chars]",entertainment,no more lightbulbs much more sports five predictions for rokus future this is lowpass by janko roettgers a newsletter on the everevolving intersection of tech and entertainment syndicated just for the verge subscribers once a week when fox announced its acquisition of roku earlier this week executives of both companies wer ullilililililiul how getting acquired by fox will change things for the streaming device maker from its iot business to its international expansion how getting acquired by fox chars
"Bob Iger’s Disney wanted Apple, Twitter, and 007","Bob Iger's tenure as CEO of Disney came to an end a few months ago, after two decades of leading the entertainment giant through some of its most pivotal transformations and acquisitions. Iger, in an exit interview with The Financial Times, has now confirmed …","<ul><li></li><li></li><li></li></ul>
An exit interview with the former Disney CEO confirms the massive deals that got away.
An exit interview with the former Disney CEO confirms the massive deals t… [+3848 chars]",entertainment,bob igers disney wanted apple twitter and bob igers tenure as ceo of disney came to an end a few months ago after two decades of leading the entertainment giant through some of its most pivotal transformations and acquisitions iger in an exit interview with the financial times has now confirmed ullilililililiul an exit interview with the former disney ceo confirms the massive deals that got away an exit interview with the former disney ceo confirms the massive deals t chars
Is Apple TV the new HBO?,"This is Lowpass by Janko Roettgers, a newsletter on the ever-evolving intersection of tech and entertainment, syndicated just for The Verge subscribers once a week. Severance. Pachinko. Silo. Ted Lasso. Over the past couple of years, a number of Apple TV show…","<ul><li></li><li></li><li></li></ul>
Unlike competitors like Netflix, Apple TV emphasizes tentpole titles over large catalogs.
Unlike competitors like Netflix, Apple TV emphasizes tentpole titles o… [+6523 chars]",entertainment,is apple tv the new hbo this is lowpass by janko roettgers a newsletter on the everevolving intersection of tech and entertainment syndicated just for the verge subscribers once a week severance pachinko silo ted lasso over the past couple of years a number of apple tv show ullilililililiul unlike competitors like netflix apple tv emphasizes tentpole titles over large catalogs unlike competitors like netflix apple tv emphasizes tentpole titles o chars
God of War Laufey is coming to the PS5,"Sony ended its big State of Play showcase with a major reveal: the next God of War. The new title is called God of War Laufey, and is once again developed by Sony's Santa Monica studio. Currently, the game doesn't have a date, but it's coming to the PS5 whene…","<ul><li></li><li></li></ul>
Dad games are so over.
by
Andrew WebsterClose
Senior entertainment editor
Posts from this author will be added to your daily email digest and your homepage feed.
Fol… [+2057 chars]",entertainment,god of war laufey is coming to the ps sony ended its big state of play showcase with a major reveal the next god of war the new title is called god of war laufey and is once again developed by sonys santa monica studio currently the game doesnt have a date but its coming to the ps whene ullilililiul dad games are so over by andrew websterclose senior entertainment editor posts from this author will be added to your daily email digest and your homepage feed fol chars
Square Enix announces Kingdom Hearts 4,"A different kind of Sora is back in the news. Square Enix just teased the long-awaited next entry in the Kingdom Hearts series, though there's not much in the way of info just yet. It's called Kingdom Hearts IV and it's launching on the Switch 2, PS5, Xbox, a…","<ul><li></li><li></li><li></li></ul>
No word on a release date yet.
No word on a release date yet.
by
Andrew WebsterClose
Senior entertainment editor
Posts from this author will be added to you… [+1850 chars]",entertainment,square enix announces kingdom hearts a different kind of sora is back in the news square enix just teased the longawaited next entry in the kingdom hearts series though theres not much in the way of info just yet its called kingdom hearts iv and its launching on the switch ps xbox a ullilililililiul no word on a release date yet no word on a release date yet by andrew websterclose senior entertainment editor posts from this author will be added to you chars
Nintendo’s next Direct showcase is on June 9th,"Summer Game Fest may be over, but the flood of gaming news isn't. Nintendo just announced that it'll be holding its next Direct showcase event on June 9th at 10AM ET. The stream, which you can find here, will be followed by a Treehouse Live event, and it soun…","<ul><li></li><li></li><li></li></ul>
Well likely finally hear more about the Switch 2s holiday lineup.
Well likely finally hear more about the Switch 2s holiday lineup.
by
Andrew WebsterClose
Se… [+2391 chars]",entertainment,nintendos next direct showcase is on june th summer game fest may be over but the flood of gaming news isnt nintendo just announced that itll be holding its next direct showcase event on june th at am et the stream which you can find here will be followed by a treehouse live event and it soun ullilililililiul well likely finally hear more about the switch s holiday lineup well likely finally hear more about the switch s holiday lineup by andrew websterclose se chars
Gears of War: E-Day is no longer coming to the PS5,"Apparently, the ""return of Xbox"" means a retreat from other platforms. At its Xbox Games Showcase today, Microsoft revealed that Gears of War: E-Day - which was previously rumored for a PS5 launch in addition to Xbox and PC - will not be coming to PlayStation…","<ul><li></li><li></li><li></li></ul>
The Xbox console exclusive is launching in October.
The Xbox console exclusive is launching in October.
by
Andrew WebsterClose
Senior entertainment editor
P… [+2250 chars]",entertainment,gears of war eday is no longer coming to the ps apparently the return of xbox means a retreat from other platforms at its xbox games showcase today microsoft revealed that gears of war eday which was previously rumored for a ps launch in addition to xbox and pc will not be coming to playstation ullilililililiul the xbox console exclusive is launching in october the xbox console exclusive is launching in october by andrew websterclose senior entertainment editor p chars
Tommy Fury against strongman Hall is boxing's latest surreal bout,"Saturday's fight between Tommy Fury v Eddie Hall in Manchester will be an exhibition contest in what is boxing's latest surreal bout, blurring the lines between professional sport, entertainment and social media celebrity.","The world of influencer boxing takes another surreal turn on Saturday when former World's Strongest Man Eddie Hall faces reality television star and professional boxer Tommy Fury in Manchester.
The … [+1467 chars]",entertainment,tommy fury against strongman hall is boxings latest surreal bout saturdays fight between tommy fury v eddie hall in manchester will be an exhibition contest in what is boxings latest surreal bout blurring the lines between professional sport entertainment and social media celebrity the world of influencer boxing takes another surreal turn on saturday when former worlds strongest man eddie hall faces reality television star and professional boxer tommy fury in manchester the chars
Graphics Upgrade for Nintendo Entertainment System,"Modern video game consoles rarely have expansion ports, but in the 80s and 90s it was practically guaranteed. With the speed that hardware was advancing it made sense to build in some way to expand…","Modern video game consoles rarely have expansion ports, but in the 80s and 90s it was practically guaranteed. With the speed that hardware was advancing it made sense to build in some way to expand a… [+1484 chars]",entertainment,graphics upgrade for nintendo entertainment system modern video game consoles rarely have expansion ports but in the s and s it was practically guaranteed with the speed that hardware was advancing it made sense to build in some way to expand modern video game consoles rarely have expansion ports but in the s and s it was practically guaranteed with the speed that hardware was advancing it made sense to build in some way to expand a chars
Xbox and PlayStation have a lot to prove,"Things are bad out there. Despite 2026 shaping up to be a great year when it comes to actual games, it couldn't really be worse for the people that make them or the industry as a whole. Hardware prices keep going up, layoffs have shown no signs of stopping, a…","<ul><li></li><li></li><li></li></ul>
Xbox and PlayStation have a lot to prove
The game industry is in turmoil, but Summer Game Fest could be a place for the big console makers to show strength.
by… [+7172 chars]",entertainment,xbox and playstation have a lot to prove things are bad out there despite shaping up to be a great year when it comes to actual games it couldnt really be worse for the people that make them or the industry as a whole hardware prices keep going up layoffs have shown no signs of stopping a ullilililililiul xbox and playstation have a lot to prove the game industry is in turmoil but summer game fest could be a place for the big console makers to show strength by chars
How to end a TV show,"Ending any story is hard, but that's especially true of mystery-packed TV shows. Series like Lost initially hook viewers with constantly building secrets and questions, to the point that they can often seem incomprehensible. But the promise is that it will al…","<ul><li></li><li></li><li></li></ul>
How to end a TV show
The creative minds behind From talk about learning from Lost, fan expectations, and wrapping up a story loaded with mysteries.
by
Andrew … [+6947 chars]",entertainment,how to end a tv show ending any story is hard but thats especially true of mysterypacked tv shows series like lost initially hook viewers with constantly building secrets and questions to the point that they can often seem incomprehensible but the promise is that it will al ullilililililiul how to end a tv show the creative minds behind from talk about learning from lost fan expectations and wrapping up a story loaded with mysteries by andrew chars
Bose is becoming a media company,"Bose is launching a new entertainment division, Bose Studios, which includes the creation of a record label.","Grammy-nominated Twitch streamer PlaqueBoyMax, recording a live stream with Bose. The audio-equipment company is pushing further into entertainment with podcasts, TV and film series, and a record lab… [+4085 chars]",entertainment,bose is becoming a media company bose is launching a new entertainment division bose studios which includes the creation of a record label grammynominated twitch streamer plaqueboymax recording a live stream with bose the audioequipment company is pushing further into entertainment with podcasts tv and film series and a record lab chars
"Who is David Sullivan - football boss, 'king of porn' and alleged sexual predator?","The ex-West Ham boss has long boasted of sexual conquests, but is now accused of exploitative behaviour.","One of the paper's reporters, Tina Dalgleish, responded to an advert for ""promotional entertainment work"". She reported that Sullivan told her she would have to have sex as part of the job and that h… [+168 chars]",entertainment,who is david sullivan football boss king of porn and alleged sexual predator the exwest ham boss has long boasted of sexual conquests but is now accused of exploitative behaviour one of the papers reporters tina dalgleish responded to an advert for promotional entertainment work she reported that sullivan told her she would have to have sex as part of the job and that h chars
Grand Theft Auto VI is warping the video game release calendar,"Who's afraid of the next GTA? Based on the last few days of Summer Game Fest, just about everyone. Grand Theft Auto VI hasn't been present at any of the keynote events, but its presence was felt every time a release date was announced. The month of November, …","<ul><li></li><li></li><li></li></ul>
The months ahead of GTAs November launch are becoming increasingly crowded.
The months ahead of GTAs November launch are becoming increasingly crowded.
by
And… [+5424 chars]",entertainment,grand theft auto vi is warping the video game release calendar whos afraid of the next gta based on the last few days of summer game fest just about everyone grand theft auto vi hasnt been present at any of the keynote events but its presence was felt every time a release date was announced the month of november ullilililililiul the months ahead of gtas november launch are becoming increasingly crowded the months ahead of gtas november launch are becoming increasingly crowded by and chars
The 7 biggest storylines from Summer Game Fest 2026,"The 2026 edition of Summer Game Fest just wrapped up, and it was surprisingly hectic. The nearly week-long event came at a challenging time for the games industry, and for the most part the big keynotes were used as a chance to show some strength through majo…","<ul><li></li><li></li><li></li></ul>
PlayStation and Xbox are going old-school, and GTA VI was everywhere and nowhere at the same time.
PlayStation and Xbox are going old-school, and GTA VI was eve… [+4105 chars]",entertainment,the biggest storylines from summer game fest the edition of summer game fest just wrapped up and it was surprisingly hectic the nearly weeklong event came at a challenging time for the games industry and for the most part the big keynotes were used as a chance to show some strength through majo ullilililililiul playstation and xbox are going oldschool and gta vi was everywhere and nowhere at the same time playstation and xbox are going oldschool and gta vi was eve chars
Rhythm Heaven never misses a beat,"Rhythm Heaven isn't Nintendo's best-known series, nor its most prolific. Prior to the launch of Rhythm Heaven Groove on the Switch this week - it's out on July 2nd - there were only four previous entries, one of which was exclusive to Japan. The most recent c…","<ul><li></li><li></li><li></li></ul>
Nintendos musical minigame series returns with yet another strong entry that has one notable caveat.
Nintendos musical minigame series returns with yet another … [+4739 chars]",entertainment,rhythm heaven never misses a beat rhythm heaven isnt nintendos bestknown series nor its most prolific prior to the launch of rhythm heaven groove on the switch this week its out on july nd there were only four previous entries one of which was exclusive to japan the most recent c ullilililililiul nintendos musical minigame series returns with yet another strong entry that has one notable caveat nintendos musical minigame series returns with yet another chars
